ENA|EF467817|EF467817.1_predicted_orf_1	sp|P17042|NS1_I54A0	100	230	0	0	1	230	1	230	4.95e-164	451	230	230	MDPNTVSSFQVDCFLWHVRKRVADQELGDAPFLDRLRRDQKSLRGRGSTLGLDIKTATRAGKQIVERILKEESDEALKMTMASVPASRYLTDMTLEEMSRDWSMLIPKQKVAGPLCIRMDQAIMDKNIILKANFSVIFDRLETLILLRAFTEEGAIVGEISPLPSLPGHTAEDVKNAVGVLIGGLEWNDNTVRVSETLQRFAWRSSNENGRPPLTPKQKREMAGTIRSEV	MDPNTVSSFQVDCFLWHVRKRVADQELGDAPFLDRLRRDQKSLRGRGSTLGLDIKTATRAGKQIVERILKEESDEALKMTMASVPASRYLTDMTLEEMSRDWSMLIPKQKVAGPLCIRMDQAIMDKNIILKANFSVIFDRLETLILLRAFTEEGAIVGEISPLPSLPGHTAEDVKNAVGVLIGGLEWNDNTVRVSETLQRFAWRSSNENGRPPLTPKQKREMAGTIRSEV
ENA|EF467817|EF467817.1_predicted_orf_1	sp|Q0PDM0|NS1_I000X	99.6	230	1	0	1	230	1	230	1.42e-163	450	230	230	MDPNTVSSFQVDCFLWHVRKRVADQELGDAPFLDRLRRDQKSLRGRGSTLGLDIKTATRAGKQIVERILKEESDEALKMTMASVPASRYLTDMTLEEMSRDWSMLIPKQKVAGPLCIRMDQAIMDKNIILKANFSVIFDRLETLILLRAFTEEGAIVGEISPLPSLPGHTAEDVKNAVGVLIGGLEWNDNTVRVSETLQRFAWRSSNENGRPPLTPKQKREMAGTIRSEV	MDPNTVSSFQVDCFLWHVRKRVADQELGDAPFLDRLRRDQKSLRGRGSTLGLDIKTATRAGKQIVERILKEESDEALKMTMASVPASRYLTDMTLEELSRDWSMLIPKQKVAGPLCIRMDQAIMDKNIILKANFSVIFDRLETLILLRAFTEEGAIVGEISPLPSLPGHTAEDVKNAVGVLIGGLEWNDNTVRVSETLQRFAWRSSNENGRPPLTPKQKREMAGTIRSEV
ENA|EF467817|EF467817.1_predicted_orf_1	sp|P03496|NS1_I34A1	99.6	230	1	0	1	230	1	230	2.02e-163	449	230	230	MDPNTVSSFQVDCFLWHVRKRVADQELGDAPFLDRLRRDQKSLRGRGSTLGLDIKTATRAGKQIVERILKEESDEALKMTMASVPASRYLTDMTLEEMSRDWSMLIPKQKVAGPLCIRMDQAIMDKNIILKANFSVIFDRLETLILLRAFTEEGAIVGEISPLPSLPGHTAEDVKNAVGVLIGGLEWNDNTVRVSETLQRFAWRSSNENGRPPLTPKQKREMAGTIRSEV	MDPNTVSSFQVDCFLWHVRKRVADQELGDAPFLDRLRRDQKSLRGRGSTLGLDIETATRAGKQIVERILKEESDEALKMTMASVPASRYLTDMTLEEMSRDWSMLIPKQKVAGPLCIRMDQAIMDKNIILKANFSVIFDRLETLILLRAFTEEGAIVGEISPLPSLPGHTAEDVKNAVGVLIGGLEWNDNTVRVSETLQRFAWRSSNENGRPPLTPKQKREMAGTIRSEV
ENA|EF467817|EF467817.1_predicted_orf_1	sp|B4URE2|NS1_I06A0	99.6	230	1	0	1	230	1	230	2.02e-163	449	230	230	MDPNTVSSFQVDCFLWHVRKRVADQELGDAPFLDRLRRDQKSLRGRGSTLGLDIKTATRAGKQIVERILKEESDEALKMTMASVPASRYLTDMTLEEMSRDWSMLIPKQKVAGPLCIRMDQAIMDKNIILKANFSVIFDRLETLILLRAFTEEGAIVGEISPLPSLPGHTAEDVKNAVGVLIGGLEWNDNTVRVSETLQRFAWRSSNENGRPPLTPKQKREMAGTIRSEV	MDPNTVSSFQVDCFLWHVRKRVADQELGDAPFLDRLRRDQKSLRGRGSTLGLDIETATRAGKQIVERILKEESDEALKMTMASVPASRYLTDMTLEEMSRDWSMLIPKQKVAGPLCIRMDQAIMDKNIILKANFSVIFDRLETLILLRAFTEEGAIVGEISPLPSLPGHTAEDVKNAVGVLIGGLEWNDNTVRVSETLQRFAWRSSNENGRPPLTPKQKREMAGTIRSEV
ENA|EF467817|EF467817.1_predicted_orf_1	sp|A4GCJ2|NS1_I36A0	99.1	230	2	0	1	230	1	230	1.66e-162	447	230	230	MDPNTVSSFQVDCFLWHVRKRVADQELGDAPFLDRLRRDQKSLRGRGSTLGLDIKTATRAGKQIVERILKEESDEALKMTMASVPASRYLTDMTLEEMSRDWSMLIPKQKVAGPLCIRMDQAIMDKNIILKANFSVIFDRLETLILLRAFTEEGAIVGEISPLPSLPGHTAEDVKNAVGVLIGGLEWNDNTVRVSETLQRFAWRSSNENGRPPLTPKQKREMAGTIRSEV	MDPNTVSSFQVDCFLWHVRKRVADQELGDAPFLDRLRRDQKSLRGRGSTLGLDIETATRAGKQIVERILKEESDEALKMTMASVPASRYLTDMTLEEMSRDWSMLIPKQKVAGPLCIRMDQAIMDKNIILKANFSVIFDRLETLILLRAFTEEGAIVGEISPLPSLPGHTDEDVKNAVGVLIGGLEWNDNTVRVSETLQRFAWRSSNENGRPPLTPKQKREMAGTIRSEV
ENA|EF467817|EF467817.1_predicted_orf_1	sp|A4GCM5|NS1_I35A3	97.0	230	7	0	1	230	1	230	3.74e-159	439	230	230	MDPNTVSSFQVDCFLWHVRKRVADQELGDAPFLDRLRRDQKSLRGRGSTLGLDIKTATRAGKQIVERILKEESDEALKMTMASVPASRYLTDMTLEEMSRDWSMLIPKQKVAGPLCIRMDQAIMDKNIILKANFSVIFDRLETLILLRAFTEEGAIVGEISPLPSLPGHTAEDVKNAVGVLIGGLEWNDNTVRVSETLQRFAWRSSNENGRPPLTPKQKREMAGTIRSEV	MDPNTVSSFQVDCFLWHVRKRVADQELGDAPFLDRLRRDQKSLKGRGSTLGLDIETATRAGKQIVERILKEESDEALKMTMASVPASRYLTDMTLEEMSRDWFMLRPKQKVAGPLCIRMDQAIMDKDIILKANFSVIFDRLETLILLRAFTEEGAIVGEISPLPSLPGHTDEDVKNAIGVLIGGLEWNDNTVRVSETLQRFAWRSSNENGRPPLTPKQKREMAGTIRSEV
ENA|EF467817|EF467817.1_predicted_orf_1	sp|Q82506|NS1_I33A0	96.1	230	9	0	1	230	1	230	3.59e-157	434	230	230	MDPNTVSSFQVDCFLWHVRKRVADQELGDAPFLDRLRRDQKSLRGRGSTLGLDIKTATRAGKQIVERILKEESDEALKMTMASVPASRYLTDMTLEEMSRDWSMLIPKQKVAGPLCIRMDQAIMDKNIILKANFSVIFDRLETLILLRAFTEEGAIVGEISPLPSLPGHTAEDVKNAVGVLIGGLEWNDNTVRVSETLQRFAWRSSNENGRPPLTPKQKREMAGTIRSEV	MDPNTVSSFQVDCFLWHVRKRVADQELGDAPFLDRLRRDQKSLRGRGSTLGLDIETATRAGKQIVERILKEESDEALKMTMASVPASRYLTDMTLEEMSRHWFMLMPKQKVAGPLCIRMDQAIMDKNIILKANFSVILDRLETLILLRAFTEEGTIVGEISPLPSLPGHTDEDVKNAVGVLIGGLEWNNNTVRVSETLQRFAWRSSNENGRPPLTPKQKRKMAGTIRSEV
ENA|EF467817|EF467817.1_predicted_orf_1	sp|A4K149|NS1_I54A2	94.3	230	13	0	1	230	1	230	1.55e-155	430	230	237	MDPNTVSSFQVDCFLWHVRKRVADQELGDAPFLDRLRRDQKSLRGRGSTLGLDIKTATRAGKQIVERILKEESDEALKMTMASVPASRYLTDMTLEEMSRDWSMLIPKQKVAGPLCIRMDQAIMDKNIILKANFSVIFDRLETLILLRAFTEEGAIVGEISPLPSLPGHTAEDVKNAVGVLIGGLEWNDNTVRVSETLQRFAWRSSNENGRPPLTPKQKREMAGTIRSEV	MDPNTVSSFQVDCFLWHVRKQVADQELGDAPFLDRLRRDQKSLRGRGSTLGLNIETATRVGKQIVERILKEESDEALKMTMASAPASRYLTDMTIEEMSRDWFMLMPKQKVAGPLCIRMDQAIMDKNIILKANFSVIFDRLETLILLRAFTEEGAIVGEISPLPSLPGHTNEDVKNAIGVLIGGLEWNDNTVRVSKTLQRFAWRSSNENGRPPLTPKQKRKMARTIRSEV
ENA|EF467817|EF467817.1_predicted_orf_1	sp|A4U7B2|NS1_I51A0	94.3	230	13	0	1	230	1	230	1.55e-155	430	230	237	MDPNTVSSFQVDCFLWHVRKRVADQELGDAPFLDRLRRDQKSLRGRGSTLGLDIKTATRAGKQIVERILKEESDEALKMTMASVPASRYLTDMTLEEMSRDWSMLIPKQKVAGPLCIRMDQAIMDKNIILKANFSVIFDRLETLILLRAFTEEGAIVGEISPLPSLPGHTAEDVKNAVGVLIGGLEWNDNTVRVSETLQRFAWRSSNENGRPPLTPKQKREMAGTIRSEV	MDPNTVSSFQVDCFLWHVRKQVADQELGDAPFLDRLRRDQKSLRGRGSTLGLNIETATRVGKQIVERILKEESDEALKMTMASAPASRYLTDMTIEEMSRDWFMLMPKQKVAGPLCIRMDQAIMDKNIILKANFSVIFDRLETLILLRAFTEEGAIVGEISPLPSLPGHTNEDVKNAIGVLIGGLEWNDNTVRVSKTLQRFAWRSSNENGRPPLTPKQKRKMARTIRSEV
ENA|EF467817|EF467817.1_predicted_orf_1	sp|A4GBY3|NS1_I77AA	93.9	230	14	0	1	230	1	230	2.56e-154	427	230	237	MDPNTVSSFQVDCFLWHVRKRVADQELGDAPFLDRLRRDQKSLRGRGSTLGLDIKTATRAGKQIVERILKEESDEALKMTMASVPASRYLTDMTLEEMSRDWSMLIPKQKVAGPLCIRMDQAIMDKNIILKANFSVIFDRLETLILLRAFTEEGAIVGEISPLPSLPGHTAEDVKNAVGVLIGGLEWNDNTVRVSETLQRFAWRSSNENGRPPLTPKQKREMAGTIRSEV	MDPNTVSSFQVDCFLWHVRKQVADQELGDAPFLDRLRRDQKSLRGRGSTLGLNIETATCVGKQIVERILKEESDEALKMTMASAPASRYLTDMTIEEMSRDWFMLMPKQKVAGPLCIRMDQAIMDKNIILKANFSVIFDRLETLILLRAFTEEGAIVGEISPLPSLPGHTNEDVKNAIGVLIGGLEWNDNTVRVSKTLQRFAWRSSNENGRPPLTPKQKRKMARTIRSEV
ENA|EF467817|EF467817.1_predicted_orf_1	sp|P03498|NS1_I77AB	93.9	230	14	0	1	230	1	230	2.56e-154	427	230	237	MDPNTVSSFQVDCFLWHVRKRVADQELGDAPFLDRLRRDQKSLRGRGSTLGLDIKTATRAGKQIVERILKEESDEALKMTMASVPASRYLTDMTLEEMSRDWSMLIPKQKVAGPLCIRMDQAIMDKNIILKANFSVIFDRLETLILLRAFTEEGAIVGEISPLPSLPGHTAEDVKNAVGVLIGGLEWNDNTVRVSETLQRFAWRSSNENGRPPLTPKQKREMAGTIRSEV	MDPNTVSSFQVDCFLWHVRKQVADQELGDAPFLDRLRRDQKSLRGRGSTLGLNIETATCVGKQIVERILKEESDEALKMTMASAPASRYLTDMTIEEMSRDWFMLMPKQKVAGPLCIRMDQAIMDKNIILKANFSVIFDRLETLILLRAFTEEGAIVGEISPLPSLPGHTNEDVKNAIGVLIGGLEWNDNTVRVSKTLQRFAWRSSNENGRPPLTPKQKRKMARTIRSEV
ENA|EF467817|EF467817.1_predicted_orf_1	sp|P69272|NS1_I57A1	93.5	230	15	0	1	230	1	230	2.83e-154	426	230	230	MDPNTVSSFQVDCFLWHVRKRVADQELGDAPFLDRLRRDQKSLRGRGSTLGLDIKTATRAGKQIVERILKEESDEALKMTMASVPASRYLTDMTLEEMSRDWSMLIPKQKVAGPLCIRMDQAIMDKNIILKANFSVIFDRLETLILLRAFTEEGAIVGEISPLPSLPGHTAEDVKNAVGVLIGGLEWNDNTVRVSETLQRFAWRSSNENGRPPLTPKQKREMAGTIRSEV	MDPNTVSSFQVDCFLWHVRKQVPDQELGDAPFLDRLRRDQKSLRGRGSTLGLNIETATRVGKQIVERILKEESDEALKMTMASAPASRYLTDMTIEEMSRDWFMLMPKQKVAGPLCIRMDQAIMDKNIILKANFSVIFDRLETLILLRAFTEEGAIVGEISPLPSLPGHTNEDVKNAIGVLIGGLEWNDNTVRVSKTLQRFAWRSSNENGRPPLTPKQKRKMARTIRSKV
ENA|EF467817|EF467817.1_predicted_orf_1	sp|P69273|NS1_I57A2	93.5	230	15	0	1	230	1	230	2.83e-154	426	230	230	MDPNTVSSFQVDCFLWHVRKRVADQELGDAPFLDRLRRDQKSLRGRGSTLGLDIKTATRAGKQIVERILKEESDEALKMTMASVPASRYLTDMTLEEMSRDWSMLIPKQKVAGPLCIRMDQAIMDKNIILKANFSVIFDRLETLILLRAFTEEGAIVGEISPLPSLPGHTAEDVKNAVGVLIGGLEWNDNTVRVSETLQRFAWRSSNENGRPPLTPKQKREMAGTIRSEV	MDPNTVSSFQVDCFLWHVRKQVPDQELGDAPFLDRLRRDQKSLRGRGSTLGLNIETATRVGKQIVERILKEESDEALKMTMASAPASRYLTDMTIEEMSRDWFMLMPKQKVAGPLCIRMDQAIMDKNIILKANFSVIFDRLETLILLRAFTEEGAIVGEISPLPSLPGHTNEDVKNAIGVLIGGLEWNDNTVRVSKTLQRFAWRSSNENGRPPLTPKQKRKMARTIRSKV
ENA|EF467817|EF467817.1_predicted_orf_1	sp|P69274|NS1_I57A3	93.5	230	15	0	1	230	1	230	2.83e-154	426	230	230	MDPNTVSSFQVDCFLWHVRKRVADQELGDAPFLDRLRRDQKSLRGRGSTLGLDIKTATRAGKQIVERILKEESDEALKMTMASVPASRYLTDMTLEEMSRDWSMLIPKQKVAGPLCIRMDQAIMDKNIILKANFSVIFDRLETLILLRAFTEEGAIVGEISPLPSLPGHTAEDVKNAVGVLIGGLEWNDNTVRVSETLQRFAWRSSNENGRPPLTPKQKREMAGTIRSEV	MDPNTVSSFQVDCFLWHVRKQVPDQELGDAPFLDRLRRDQKSLRGRGSTLGLNIETATRVGKQIVERILKEESDEALKMTMASAPASRYLTDMTIEEMSRDWFMLMPKQKVAGPLCIRMDQAIMDKNIILKANFSVIFDRLETLILLRAFTEEGAIVGEISPLPSLPGHTNEDVKNAIGVLIGGLEWNDNTVRVSKTLQRFAWRSSNENGRPPLTPKQKRKMARTIRSKV
ENA|EF467817|EF467817.1_predicted_orf_1	sp|Q99AU3|NS1_I18A0	94.8	230	12	0	1	230	1	230	4.02e-154	426	230	230	MDPNTVSSFQVDCFLWHVRKRVADQELGDAPFLDRLRRDQKSLRGRGSTLGLDIKTATRAGKQIVERILKEESDEALKMTMASVPASRYLTDMTLEEMSRDWSMLIPKQKVAGPLCIRMDQAIMDKNIILKANFSVIFDRLETLILLRAFTEEGAIVGEISPLPSLPGHTAEDVKNAVGVLIGGLEWNDNTVRVSETLQRFAWRSSNENGRPPLTPKQKREMAGTIRSEV	MDSNTVSSFQVDCFLWHVRKRFADQELGDAPFLDRLRRDQKSLRGRGSTLGLDIETATRAGKQIVERILKEESDEALKMTIASVPASRYLTDMTLEEMSRDWFMLMPKQKVAGSLCIRMDQAIMDKNIILKANFSVIFDRLETLILLRAFTEEGAIVGEISPLPSLPGHTDEDVKNAVGVLIGGLEWNDNTVRVSETLQRFAWRSSNENGRPPLPPKQKRKMARTIKSEV
ENA|EF467817|EF467817.1_predicted_orf_1	sp|P69279|NS1_I50A0	93.5	230	15	0	1	230	1	230	5.17e-154	426	230	237	MDPNTVSSFQVDCFLWHVRKRVADQELGDAPFLDRLRRDQKSLRGRGSTLGLDIKTATRAGKQIVERILKEESDEALKMTMASVPASRYLTDMTLEEMSRDWSMLIPKQKVAGPLCIRMDQAIMDKNIILKANFSVIFDRLETLILLRAFTEEGAIVGEISPLPSLPGHTAEDVKNAVGVLIGGLEWNDNTVRVSETLQRFAWRSSNENGRPPLTPKQKREMAGTIRSEV	MDPNTVSSFQVDCFLWHVRKQVADQELGDAPFLDRLRRDQKSLRGRGSTLGLNIETATRVGKQIVERILKEESDEALKMTMASAPASRYLTDMTIEEMSRDWFMLMPKQKVAGPLCIRMDQAIMDKNIILKANFSVIFDRLETLILLRAFTEEGAIVGEISPLPSLPGHTNEDVKNAIGVLIGGLEWSDNTVRVSKTLQRFAWRSSSENGRPPLTPKQKRKMARTIRSEV
ENA|EF467817|EF467817.1_predicted_orf_1	sp|P11618|NS1_I83A1	93.0	230	16	0	1	230	1	230	1.04e-153	425	230	237	MDPNTVSSFQVDCFLWHVRKRVADQELGDAPFLDRLRRDQKSLRGRGSTLGLDIKTATRAGKQIVERILKEESDEALKMTMASVPASRYLTDMTLEEMSRDWSMLIPKQKVAGPLCIRMDQAIMDKNIILKANFSVIFDRLETLILLRAFTEEGAIVGEISPLPSLPGHTAEDVKNAVGVLIGGLEWNDNTVRVSETLQRFAWRSSNENGRPPLTPKQKREMAGTIRSEV	MDPNTVSSFQVDCFLWHVRKQVADQELGDAPFLDRLRRDQKSLKGRGSTLGLDIETATCVGKQIVERILKEESDEALKMTMASAPASRYLTDMTIEEMSRDWFMLMPKQKVAGPLCVRMDQAIMDKNIILKANFSVIFDRLETLILLRAFTEEGAIVGEISPLPSLPGHTNEDVKNAIGVLIGGLEWNDNTVRVSKTLQRFAWRSSNENGRPPLTPKQKRKMARAIRSEV
ENA|EF467817|EF467817.1_predicted_orf_1	sp|Q0HD54|NS1_I40A0	93.0	230	16	0	1	230	1	230	1.04e-153	425	230	237	MDPNTVSSFQVDCFLWHVRKRVADQELGDAPFLDRLRRDQKSLRGRGSTLGLDIKTATRAGKQIVERILKEESDEALKMTMASVPASRYLTDMTLEEMSRDWSMLIPKQKVAGPLCIRMDQAIMDKNIILKANFSVIFDRLETLILLRAFTEEGAIVGEISPLPSLPGHTAEDVKNAVGVLIGGLEWNDNTVRVSETLQRFAWRSSNENGRPPLTPKQKREMAGTIRSEV	MDPNTVSSFQVDCFLWHVRKRVADQELGDAPFLDRLRRDQKSLKGRGSTLGLNIETATRVGKQIVERILKEESDEALKMTMASAPASRYLTDMTIEEMSRDWFMLMPKQKVAGPLCIRMDQAVMDKSIILKANFSVIFDRLETLILLRAFTEEGAIVGEISPLPSLPGHTNEDVKNAIGVLIGGLEWNDNTVRVSKTLQRFAWRSSNENGGPPLTPKQKRKMARTIRSEV
ENA|EF467817|EF467817.1_predicted_orf_1	sp|Q1K9P7|NS1_I57A0	93.5	230	15	0	1	230	1	230	1.04e-153	425	230	237	MDPNTVSSFQVDCFLWHVRKRVADQELGDAPFLDRLRRDQKSLRGRGSTLGLDIKTATRAGKQIVERILKEESDEALKMTMASVPASRYLTDMTLEEMSRDWSMLIPKQKVAGPLCIRMDQAIMDKNIILKANFSVIFDRLETLILLRAFTEEGAIVGEISPLPSLPGHTAEDVKNAVGVLIGGLEWNDNTVRVSETLQRFAWRSSNENGRPPLTPKQKREMAGTIRSEV	MDPNTVSSFQVDCFLWHVRKQVADQELGDAPFLDRLRRDQKSLRRRGSTLGLNIETATRVGKQIVERILKEESDEALKMTMASAPASRYLTDMTIEEMSRDWFMLMPKQKVAGPLCIRMDQAIMDKNIILKANFSVIFDRLETLILLRAFTEEGAIVGEISPLPSLPGHTNEDVKNAIGVLIGGLEWNDNTVRVSKTLQRFAWRSSNENGRPPLTPKQKRKMARTIRSKV
ENA|EF467817|EF467817.1_predicted_orf_1	sp|A4GCK3|NS1_I80AA	92.6	230	17	0	1	230	1	230	2.99e-153	424	230	237	MDPNTVSSFQVDCFLWHVRKRVADQELGDAPFLDRLRRDQKSLRGRGSTLGLDIKTATRAGKQIVERILKEESDEALKMTMASVPASRYLTDMTLEEMSRDWSMLIPKQKVAGPLCIRMDQAIMDKNIILKANFSVIFDRLETLILLRAFTEEGAIVGEISPLPSLPGHTAEDVKNAVGVLIGGLEWNDNTVRVSETLQRFAWRSSNENGRPPLTPKQKREMAGTIRSEV	MDPNTVSSFQVDCFLWHVRKQVADQELGDAPFLDRLRRDQKSLKGRGSTLGLNIETATCVGKQIVERILKEESDEALKMTMASAPASRYLTDMTIEEMSRDWFMLMPKQKVAGPLCVRMDQAIMDKNIILKANFSVIFDRLETLILLRAFTEEGAIVGEISPLPSLPGHTNEDVKNAIGVLIGGLEWNDNTVRVSKTLQRFAWKSSNENGRPPLTPKQKRKMARTIRSEV
ENA|EF467817|EF467817.1_predicted_orf_1	sp|A4U6V8|NS1_I45A0	93.5	230	15	0	1	230	1	230	6.66e-153	423	230	230	MDPNTVSSFQVDCFLWHVRKRVADQELGDAPFLDRLRRDQKSLRGRGSTLGLDIKTATRAGKQIVERILKEESDEALKMTMASVPASRYLTDMTLEEMSRDWSMLIPKQKVAGPLCIRMDQAIMDKNIILKANFSVIFDRLETLILLRAFTEEGAIVGEISPLPSLPGHTAEDVKNAVGVLIGGLEWNDNTVRVSETLQRFAWRSSNENGRPPLTPKQKREMAGTIRSEV	MDPNTVSSFQVDCFLWHVRKRVADQELGDAPFLDRLRRDQKSLRGRGSTLGLNIETATRVGKQIVERILKEESDEALKMTMASALASRYLTDMTIEEMSRDWFMLMPKQKVAGPLCIRMDQAIMDKSIILKANFSVIFGRLETLILLRAFTEEGAIVGEISPLPSLPGHTNEDVKNAIGVLIGGLEWNDNTVRVSKTLQRFAWRSSNENGRPPLTPKQKRKMARTIRSEV
ENA|EF467817|EF467817.1_predicted_orf_1	sp|Q2VC87|NS1_I80A2	93.5	230	15	0	1	230	1	230	1.91e-152	422	230	230	MDPNTVSSFQVDCFLWHVRKRVADQELGDAPFLDRLRRDQKSLRGRGSTLGLDIKTATRAGKQIVERILKEESDEALKMTMASVPASRYLTDMTLEEMSRDWSMLIPKQKVAGPLCIRMDQAIMDKNIILKANFSVIFDRLETLILLRAFTEEGAIVGEISPLPSLPGHTAEDVKNAVGVLIGGLEWNDNTVRVSETLQRFAWRSSNENGRPPLTPKQKREMAGTIRSEV	MDSNTVSSFQVDCFLWHVRKRFADQELGDAPFLDRLRRDQKSLRGRGSTLGLDIETATRAGKQIVERILKEESDEALKMTIASVPASRYLTDMTLEEMSRDWFMLMPKQKVAGSLCIRMDQAIMDKNIMLKANFSVIFDRLETLILLRAFTEEGAIVGEISPLPSLPGHTDEDVKNAIGVLIGGLEWNDNTVRVSETLQRFAWRSSNEDGRPPLPPKQKRKMARTIESEV
ENA|EF467817|EF467817.1_predicted_orf_1	sp|Q9YPE8|NS1_I82A3	93.9	230	14	0	1	230	1	230	1.91e-152	422	230	230	MDPNTVSSFQVDCFLWHVRKRVADQELGDAPFLDRLRRDQKSLRGRGSTLGLDIKTATRAGKQIVERILKEESDEALKMTMASVPASRYLTDMTLEEMSRDWSMLIPKQKVAGPLCIRMDQAIMDKNIILKANFSVIFDRLETLILLRAFTEEGAIVGEISPLPSLPGHTAEDVKNAVGVLIGGLEWNDNTVRVSETLQRFAWRSSNENGRPPLTPKQKREMAGTIRSEV	MDSNTVSSFQVDCFLWHVRKRFADQELGDAPFLDRLRRDQKSLRGRGSTLGLDIETATRAGKQIVERILEEESDEALKMTIASVPASRYLTDMTLEEMSRDWFMLMPKQKVAGSLCIRMDQAIMDKNIILKANFSVIFDRLETLILLRAFTEEGAIVGEISPLPSLPGHTDEDVKNAVGVLIGGLEWNDNTVRVSETLQRFAWRSSNEDGRPPLPPKQKRKMARTIESEV
ENA|EF467817|EF467817.1_predicted_orf_1	sp|P69252|NS1_I76A0	93.5	230	15	0	1	230	1	230	2.71e-152	421	230	230	MDPNTVSSFQVDCFLWHVRKRVADQELGDAPFLDRLRRDQKSLRGRGSTLGLDIKTATRAGKQIVERILKEESDEALKMTMASVPASRYLTDMTLEEMSRDWSMLIPKQKVAGPLCIRMDQAIMDKNIILKANFSVIFDRLETLILLRAFTEEGAIVGEISPLPSLPGHTAEDVKNAVGVLIGGLEWNDNTVRVSETLQRFAWRSSNENGRPPLTPKQKREMAGTIRSEV	MDSNTVSSFQVDCFLWHVRKRFADQELGDAPFLDRLRRDQKSLRGRGSTLGLDIETATRAGKQIVERILEEESDEALKMTIASVPASRYLTDMTLEEMSRDWFMLMPKQKVAGSLCIRMDQAIMDKNIILKANFSVIFDRLETLILLRAFTEEGAIVGEISPLPSLPGHTDEDVKNAIGVLIGGLEWNDNTVRVSETLQRFAWRSSNEDGRPPLPPKQKRKMARTIESEV
ENA|EF467817|EF467817.1_predicted_orf_1	sp|P69417|NS1_I78A3	93.5	230	15	0	1	230	1	230	2.71e-152	421	230	230	MDPNTVSSFQVDCFLWHVRKRVADQELGDAPFLDRLRRDQKSLRGRGSTLGLDIKTATRAGKQIVERILKEESDEALKMTMASVPASRYLTDMTLEEMSRDWSMLIPKQKVAGPLCIRMDQAIMDKNIILKANFSVIFDRLETLILLRAFTEEGAIVGEISPLPSLPGHTAEDVKNAVGVLIGGLEWNDNTVRVSETLQRFAWRSSNENGRPPLTPKQKREMAGTIRSEV	MDSNTVSSFQVDCFLWHVRKRFADQELGDAPFLDRLRRDQKSLRGRGSTLGLDIETATRAGKQIVERILEEESDEALKMTIASVPASRYLTDMTLEEMSRDWFMLMPKQKVAGSLCIRMDQAIMDKNIILKANFSVIFDRLETLILLRAFTEEGAIVGEISPLPSLPGHTDEDVKNAIGVLIGGLEWNDNTVRVSETLQRFAWRSSNEDGRPPLPPKQKRKMARTIESEV
ENA|EF467817|EF467817.1_predicted_orf_4	sp|P17043|NEP_I54A0	100	113	0	0	11	123	9	121	4.20e-74	215	123	121	FQDILLRMSKMQLESSSEDLNGMITQFESLKLYRDSLGEAVMRMGDLHSLQNRNEKWREQLGQKFEEIRWLIEEVRHKLKITENSFEQITFMQALHLLLEVEQEIRTFSFQLI	FQDILLRMSKMQLESSSEDLNGMITQFESLKLYRDSLGEAVMRMGDLHSLQNRNEKWREQLGQKFEEIRWLIEEVRHKLKITENSFEQITFMQALHLLLEVEQEIRTFSFQLI
ENA|EF467817|EF467817.1_predicted_orf_4	sp|Q76MT9|NEP_I000X	100	113	0	0	11	123	9	121	4.20e-74	215	123	121	FQDILLRMSKMQLESSSEDLNGMITQFESLKLYRDSLGEAVMRMGDLHSLQNRNEKWREQLGQKFEEIRWLIEEVRHKLKITENSFEQITFMQALHLLLEVEQEIRTFSFQLI	FQDILLRMSKMQLESSSEDLNGMITQFESLKLYRDSLGEAVMRMGDLHSLQNRNEKWREQLGQKFEEIRWLIEEVRHKLKITENSFEQITFMQALHLLLEVEQEIRTFSFQLI
ENA|EF467817|EF467817.1_predicted_orf_4	sp|P03508|NEP_I34A1	99.1	113	1	0	11	123	9	121	4.90e-73	212	123	121	FQDILLRMSKMQLESSSEDLNGMITQFESLKLYRDSLGEAVMRMGDLHSLQNRNEKWREQLGQKFEEIRWLIEEVRHKLKITENSFEQITFMQALHLLLEVEQEIRTFSFQLI	FQDILLRMSKMQLESSSGDLNGMITQFESLKLYRDSLGEAVMRMGDLHSLQNRNEKWREQLGQKFEEIRWLIEEVRHKLKITENSFEQITFMQALHLLLEVEQEIRTFSFQLI
ENA|EF467817|EF467817.1_predicted_orf_4	sp|B4URE1|NEP_I06A0	99.1	113	1	0	11	123	9	121	4.90e-73	212	123	121	FQDILLRMSKMQLESSSEDLNGMITQFESLKLYRDSLGEAVMRMGDLHSLQNRNEKWREQLGQKFEEIRWLIEEVRHKLKITENSFEQITFMQALHLLLEVEQEIRTFSFQLI	FQDILLRMSKMQLESSSGDLNGMITQFESLKLYRDSLGEAVMRMGDLHSLQNRNEKWREQLGQKFEEIRWLIEEVRHKLKITENSFEQITFMQALHLLLEVEQEIRTFSFQLI
ENA|EF467817|EF467817.1_predicted_orf_4	sp|A4GCJ1|NEP_I36A0	96.5	113	4	0	11	123	9	121	1.64e-71	208	123	121	FQDILLRMSKMQLESSSEDLNGMITQFESLKLYRDSLGEAVMRMGDLHSLQNRNEKWREQLGQKFEEIRWLIEEVRHKLKITENSFEQITFMQALHLLLEVEQEIRTFSFQLI	FQDILMRMSKMQLGSSSEDLNGMITQFESLKLYRDSLGEAVMRMGDLHSLQNRNGKWREQLGQKFEEIRWLIEEVRHKLKVTENSFEQITFMQALHLLLEVEQEIRTFSFQLI
ENA|EF467817|EF467817.1_predicted_orf_4	sp|Q0HD55|NEP_I40A0	95.6	113	5	0	11	123	9	121	1.92e-70	206	123	121	FQDILLRMSKMQLESSSEDLNGMITQFESLKLYRDSLGEAVMRMGDLHSLQNRNEKWREQLGQKFEEIRWLIEEVRHKLKITENSFEQITFMQALHLLLEVEQEIRTFSFQLI	FQDILMRMSKMQLESSSEDLNGMITQFESLKLYRDSLGEAVMRMGDLHSLQNRNGKWREQLGQKFEEIRWLIEEVRHRLKITENSFEQITFMQALQLLFEVEQEIRTFSFQLI
ENA|EF467817|EF467817.1_predicted_orf_4	sp|A4GCL3|NEP_I43A0	95.6	113	5	0	11	123	9	121	5.49e-70	204	123	121	FQDILLRMSKMQLESSSEDLNGMITQFESLKLYRDSLGEAVMRMGDLHSLQNRNEKWREQLGQKFEEIRWLIEEVRHKLKITENSFEQITFMQALHLLLEVEQEIRTFSFQLI	FQDILMRMSKMQLGSSSEDLNGMITQFESLKLYRDSLGEAVMRMGDLHSLQNRNGKWREQLGQKFEEIRWLIEEVRHRLKITENSFEQITFMQALQLLLEVEQEIRTFSFQLI
ENA|EF467817|EF467817.1_predicted_orf_4	sp|A4U6V7|NEP_I45A0	95.6	113	5	0	11	123	9	121	5.49e-70	204	123	121	FQDILLRMSKMQLESSSEDLNGMITQFESLKLYRDSLGEAVMRMGDLHSLQNRNEKWREQLGQKFEEIRWLIEEVRHKLKITENSFEQITFMQALHLLLEVEQEIRTFSFQLI	FQDILMRMSKMQLGSSSEDLNGMITQFESLKLYRDSLGEAVMRMGDLHSLQNRNGKWREQLGQKFEEIRWLIEEVRHRLKITENSFEQITFMQALQLLLEVEQEIRTFSFQLI
ENA|EF467817|EF467817.1_predicted_orf_4	sp|A4K148|NEP_I54A2	95.6	113	5	0	11	123	9	121	7.81e-70	204	123	121	FQDILLRMSKMQLESSSEDLNGMITQFESLKLYRDSLGEAVMRMGDLHSLQNRNEKWREQLGQKFEEIRWLIEEVRHKLKITENSFEQITFMQALHLLLEVEQEIRTFSFQLI	FQDILMRMSKMQLGSSSEDLNGMITQFESLKLYRDSLGEAVMRMGDLHSLQNRNGKWREQLGQKFEEIRWLIEEVRHKLKITENSFEQITFMQALQLLFEVEQEIRTFSFQLI
ENA|EF467817|EF467817.1_predicted_orf_4	sp|A4U7B1|NEP_I51A0	95.6	113	5	0	11	123	9	121	7.81e-70	204	123	121	FQDILLRMSKMQLESSSEDLNGMITQFESLKLYRDSLGEAVMRMGDLHSLQNRNEKWREQLGQKFEEIRWLIEEVRHKLKITENSFEQITFMQALHLLLEVEQEIRTFSFQLI	FQDILMRMSKMQLGSSSEDLNGMITQFESLKLYRDSLGEAVMRMGDLHSLQNRNGKWREQLGQKFEEIRWLIEEVRHKLKITENSFEQITFMQALQLLFEVEQEIRTFSFQLI
ENA|EF467817|EF467817.1_predicted_orf_4	sp|P69259|NEP_I60A0	95.6	113	5	0	11	123	9	121	7.81e-70	204	123	121	FQDILLRMSKMQLESSSEDLNGMITQFESLKLYRDSLGEAVMRMGDLHSLQNRNEKWREQLGQKFEEIRWLIEEVRHKLKITENSFEQITFMQALHLLLEVEQEIRTFSFQLI	FQDILMRMSKMQLGSSSEDLNGMITQFESLKLYRDSLGEAVMRMGDLHSLQNRNGKWREQLGQKFEEIRWLIEEVRHKLKITENSFEQITFMQALQLLFEVEQEIRTFSFQLI
ENA|EF467817|EF467817.1_predicted_orf_4	sp|P69260|NEP_I57A1	95.6	113	5	0	11	123	9	121	7.81e-70	204	123	121	FQDILLRMSKMQLESSSEDLNGMITQFESLKLYRDSLGEAVMRMGDLHSLQNRNEKWREQLGQKFEEIRWLIEEVRHKLKITENSFEQITFMQALHLLLEVEQEIRTFSFQLI	FQDILMRMSKMQLGSSSEDLNGMITQFESLKLYRDSLGEAVMRMGDLHSLQNRNGKWREQLGQKFEEIRWLIEEVRHKLKITENSFEQITFMQALQLLFEVEQEIRTFSFQLI
ENA|EF467817|EF467817.1_predicted_orf_4	sp|Q1K9P8|NEP_I57A0	95.6	113	5	0	11	123	9	121	7.81e-70	204	123	121	FQDILLRMSKMQLESSSEDLNGMITQFESLKLYRDSLGEAVMRMGDLHSLQNRNEKWREQLGQKFEEIRWLIEEVRHKLKITENSFEQITFMQALHLLLEVEQEIRTFSFQLI	FQDILMRMSKMQLGSSSEDLNGMITQFESLKLYRDSLGEAVMRMGDLHSLQNRNGKWREQLGQKFEEIRWLIEEVRHKLKITENSFEQITFMQALQLLFEVEQEIRTFSFQLI
ENA|EF467817|EF467817.1_predicted_orf_4	sp|Q6XTC3|NEP_I68A5	95.6	113	5	0	11	123	9	121	1.11e-69	204	123	121	FQDILLRMSKMQLESSSEDLNGMITQFESLKLYRDSLGEAVMRMGDLHSLQNRNEKWREQLGQKFEEIRWLIEEVRHKLKITENSFEQITFMQALHLLLEVEQEIRTFSFQLI	FQDILLRMSKMQLGSSSEDLNGMITQFESLKLYRDSLGEAVMRMGDLHSLQNRNGKWREQLGQKFEEIRWLIEEVRHRLKITENSFEQITFMQALQLLFEVEQEIRTFSFQLI
ENA|EF467817|EF467817.1_predicted_orf_4	sp|A4GBY2|NEP_I77AA	94.7	113	6	0	11	123	9	121	2.24e-69	203	123	121	FQDILLRMSKMQLESSSEDLNGMITQFESLKLYRDSLGEAVMRMGDLHSLQNRNEKWREQLGQKFEEIRWLIEEVRHKLKITENSFEQITFMQALHLLLEVEQEIRTFSFQLI	FQDILMRMSKMQLGSSSEDLNGMITQFESLKLYRDSLGEAVMRMGDLHSLQNRNGKWREQLGQKFEEIRWLIEEVRHRLKITENSFEQITFMQALQLLFEVEQEIRTFSFQLI
ENA|EF467817|EF467817.1_predicted_orf_4	sp|A4GCM4|NEP_I35A3	94.7	113	6	0	11	123	9	121	2.24e-69	203	123	121	FQDILLRMSKMQLESSSEDLNGMITQFESLKLYRDSLGEAVMRMGDLHSLQNRNEKWREQLGQKFEEIRWLIEEVRHKLKITENSFEQITFMQALHLLLEVEQEIRTFSFQLI	FQDILMRMSKMQLGSSSEDLNGMITQFESLKLYRDSLGEAVMRMGDLHSLQNRNGKWREQLGQKFEEIRWLIEEVRHRLKITENSFEQITFMQALQLLLEVEKEIRTFSFQLI
ENA|EF467817|EF467817.1_predicted_orf_4	sp|P03504|NEP_I77AB	94.7	113	6	0	11	123	9	121	2.24e-69	203	123	121	FQDILLRMSKMQLESSSEDLNGMITQFESLKLYRDSLGEAVMRMGDLHSLQNRNEKWREQLGQKFEEIRWLIEEVRHKLKITENSFEQITFMQALHLLLEVEQEIRTFSFQLI	FQDILMRMSKMQLGSSSEDLNGMITQFESLKLYRDSLGEAVMRMGDLHSLQNRNGKWREQLGQKFEEIRWLIEEVRHRLKITENSFEQITFMQALQLLFEVEQEIRTFSFQLI
ENA|EF467817|EF467817.1_predicted_orf_4	sp|Q89733|NEP_I33A0	94.7	113	6	0	11	123	9	121	2.24e-69	203	123	121	FQDILLRMSKMQLESSSEDLNGMITQFESLKLYRDSLGEAVMRMGDLHSLQNRNEKWREQLGQKFEEIRWLIEEVRHKLKITENSFEQITFMQALHLLLEVEQEIRTFSFQLI	FQDILMRMSKMQLGSSSEDLNGIITQFESLKLYRDSLGEAVMRMGDLHSLQNRNGKWREQLGQKFEEIRWLIEEVRHRLKITENSFEQITFMQALQLLLEVEQEIRTFSFQLI
ENA|EF467817|EF467817.1_predicted_orf_4	sp|A4GCK2|NEP_I80AA	94.7	113	6	0	11	123	9	121	3.18e-69	202	123	121	FQDILLRMSKMQLESSSEDLNGMITQFESLKLYRDSLGEAVMRMGDLHSLQNRNEKWREQLGQKFEEIRWLIEEVRHKLKITENSFEQITFMQALHLLLEVEQEIRTFSFQLI	FQDILMRMSKMQLGSSSEDLNGMITQFESLKLYRDSLGKAVMRMGDLHSLQNRNGKWREQLGQKFEEIRWLIEEVRHKLKITENSFEQITFMQALQLLFEVEQEIRTFSFQLI
ENA|EF467817|EF467817.1_predicted_orf_4	sp|P69266|NEP_I57A2	94.7	113	6	0	11	123	9	121	3.18e-69	202	123	121	FQDILLRMSKMQLESSSEDLNGMITQFESLKLYRDSLGEAVMRMGDLHSLQNRNEKWREQLGQKFEEIRWLIEEVRHKLKITENSFEQITFMQALHLLLEVEQEIRTFSFQLI	FQDILMRMSKMQLGSSSEDLNGMITQFESLKLYRDSLGEAVMRMGDLHSLQNRNGKWREQLGQKFEEIRWLIEEVRHKLKITENSFEQITFIQALQLLFEVEQEIRTFSFQLI
ENA|EF467817|EF467817.1_predicted_orf_4	sp|P69267|NEP_I57A3	94.7	113	6	0	11	123	9	121	3.18e-69	202	123	121	FQDILLRMSKMQLESSSEDLNGMITQFESLKLYRDSLGEAVMRMGDLHSLQNRNEKWREQLGQKFEEIRWLIEEVRHKLKITENSFEQITFMQALHLLLEVEQEIRTFSFQLI	FQDILMRMSKMQLGSSSEDLNGMITQFESLKLYRDSLGEAVMRMGDLHSLQNRNGKWREQLGQKFEEIRWLIEEVRHKLKITENSFEQITFIQALQLLFEVEQEIRTFSFQLI
ENA|EF467817|EF467817.1_predicted_orf_4	sp|Q6XTK1|NEP_I57A5	94.7	113	6	0	11	123	9	121	3.18e-69	202	123	121	FQDILLRMSKMQLESSSEDLNGMITQFESLKLYRDSLGEAVMRMGDLHSLQNRNEKWREQLGQKFEEIRWLIEEVRHKLKITENSFEQITFMQALHLLLEVEQEIRTFSFQLI	FQDILMRMSKMQLGSSSEDLNGMITQFESLKLYRDSLGETVMRMGDLHSLQNRNGKWREQLGQKFEEIRWLIEEVRHKLKITENSFEQITFMQALQLLFEVEQEIRTFSFQLI
ENA|EF467817|EF467817.1_predicted_orf_4	sp|Q0A463|NEP_I68A3	94.7	113	6	0	11	123	9	121	4.52e-69	202	123	121	FQDILLRMSKMQLESSSEDLNGMITQFESLKLYRDSLGEAVMRMGDLHSLQNRNEKWREQLGQKFEEIRWLIEEVRHKLKITENSFEQITFMQALHLLLEVEQEIRTFSFQLI	FQDILMRMSKMQLGSSSEDLNGMITQFESLKLYRDSLGEAVMRMGDLHSLQNRNGKWREQLSQKFEEIRWLIEEVRHRLKITENSFEQITFMQALQLLLEVEQEIRTFSFQLI
ENA|EF467817|EF467817.1_predicted_orf_4	sp|Q67255|NEP_I72A5	94.7	113	6	0	11	123	9	121	4.52e-69	202	123	121	FQDILLRMSKMQLESSSEDLNGMITQFESLKLYRDSLGEAVMRMGDLHSLQNRNEKWREQLGQKFEEIRWLIEEVRHKLKITENSFEQITFMQALHLLLEVEQEIRTFSFQLI	FQDILMRMSKMQLGSSSEDLNGMITQFESLKLYRDSLGEAVMRMGDLHSLQNRNGKWREQLSQKFEEIRWLIEEVRHRLKITENSFEQITFMQALQLLLEVEQEIRTFSFQLI
ENA|EF467817|EF467817.1_predicted_orf_4	sp|Q6XTD9|NEP_I67A0	93.8	113	7	0	11	123	9	121	4.52e-69	202	123	121	FQDILLRMSKMQLESSSEDLNGMITQFESLKLYRDSLGEAVMRMGDLHSLQNRNEKWREQLGQKFEEIRWLIEEVRHKLKITENSFEQITFMQALHLLLEVEQEIRTFSFQLI	FQDILLRMSKMRLGSSSEDLNGMITQFESLKLYRDSLGEAVMRMGDIHSLQNRNSKWREQLGQKFEEIRWLIEEVRHRLKITENSFEQITFMQALQLLFEVEQEIRTFSFQLI
