SRR13182871.9_predicted_orf_1	sp|P0DTD1|R1AB_SARS2	100	30	0	0	1	30	3655	3684	1.22e-15	66.2	30	7096	MPASWVMRIMTWLDMVDTSLSGFKLKDCVM	MPASWVMRIMTWLDMVDTSLSGFKLKDCVM
SRR13182871.9_predicted_orf_1	sp|P0DTC1|R1A_SARS2	100	30	0	0	1	30	3655	3684	1.23e-15	66.2	30	4405	MPASWVMRIMTWLDMVDTSLSGFKLKDCVM	MPASWVMRIMTWLDMVDTSLSGFKLKDCVM
SRR13182871.9_predicted_orf_1	sp|P0C6V9|R1AB_BC279	83.3	30	5	0	1	30	3638	3667	2.48e-13	59.7	30	7079	MPASWVMRIMTWLDMVDTSLSGFKLKDCVM	MPASWVMRIMTWLELADTSLSGYRLKDCVM
SRR13182871.9_predicted_orf_1	sp|P0C6X7|R1AB_SARS	83.3	30	5	0	1	30	3632	3661	2.48e-13	59.7	30	7073	MPASWVMRIMTWLDMVDTSLSGFKLKDCVM	MPASWVMRIMTWLELADTSLSGYRLKDCVM
SRR13182871.9_predicted_orf_1	sp|P0C6W6|R1AB_BCRP3	83.3	30	5	0	1	30	3630	3659	2.48e-13	59.7	30	7071	MPASWVMRIMTWLDMVDTSLSGFKLKDCVM	MPASWVMRIMTWLELADTSLSGYRLKDCVM
SRR13182871.9_predicted_orf_1	sp|P0C6W2|R1AB_BCHK3	83.3	30	5	0	1	30	3626	3655	2.48e-13	59.7	30	7067	MPASWVMRIMTWLDMVDTSLSGFKLKDCVM	MPASWVMRIMTWLELADTSLSGYRLKDCVM
SRR13182871.9_predicted_orf_1	sp|P0C6F5|R1A_BC279	83.3	30	5	0	1	30	3638	3667	2.48e-13	59.7	30	4388	MPASWVMRIMTWLDMVDTSLSGFKLKDCVM	MPASWVMRIMTWLELADTSLSGYRLKDCVM
SRR13182871.9_predicted_orf_1	sp|P0C6U8|R1A_SARS	83.3	30	5	0	1	30	3632	3661	2.48e-13	59.7	30	4382	MPASWVMRIMTWLDMVDTSLSGFKLKDCVM	MPASWVMRIMTWLELADTSLSGYRLKDCVM
SRR13182871.9_predicted_orf_1	sp|P0C6T7|R1A_BCRP3	83.3	30	5	0	1	30	3630	3659	2.48e-13	59.7	30	4380	MPASWVMRIMTWLDMVDTSLSGFKLKDCVM	MPASWVMRIMTWLELADTSLSGYRLKDCVM
SRR13182871.9_predicted_orf_1	sp|P0C6F8|R1A_BCHK3	83.3	30	5	0	1	30	3626	3655	2.48e-13	59.7	30	4376	MPASWVMRIMTWLDMVDTSLSGFKLKDCVM	MPASWVMRIMTWLELADTSLSGYRLKDCVM
SRR13182871.18_predicted_orf_2	sp|P0DTG1|ORF3C_SARS2	97.6	41	1	0	5	45	1	41	2.93e-21	75.9	45	41	MLLLQILFALLQRYRYKPHSLSDGLLLALHFLLFFIALPKS	MLLLQILFALLQRYRYKPHSLSDGLLLALHFLLFFRALPKS
SRR13182871.23_predicted_orf_1	sp|P0DTC5|VME1_SARS2	100	42	0	0	1	42	181	222	2.48e-22	83.2	42	222	LGASQRVAGDSGFAAYSRYRIGNYKLNTDHSSSSDNIALLVQ	LGASQRVAGDSGFAAYSRYRIGNYKLNTDHSSSSDNIALLVQ
SRR13182871.23_predicted_orf_1	sp|Q0Q472|VME1_BC279	88.1	42	5	0	1	42	180	221	2.22e-19	75.5	42	221	LGASQRVAGDSGFAAYSRYRIGNYKLNTDHSSSSDNIALLVQ	LGASQRVGNDSGFAAYNRYRIGNYKLNTDHSGSNDNIALLVQ
SRR13182871.23_predicted_orf_1	sp|Q3I5J2|VME1_BCRP3	88.1	42	5	0	1	42	180	221	4.38e-19	74.7	42	221	LGASQRVAGDSGFAAYSRYRIGNYKLNTDHSSSSDNIALLVQ	LGASQRVGTDSGFAAYNRYRIGNYKLNTDHSGSNDNIALLVQ
SRR13182871.23_predicted_orf_1	sp|Q3LZX9|VME1_BCHK3	88.1	42	5	0	1	42	180	221	4.38e-19	74.7	42	221	LGASQRVAGDSGFAAYSRYRIGNYKLNTDHSSSSDNIALLVQ	LGASQRVGTDSGFAAYNRYRIGNYKLNTDHSGSNDNIALLVQ
SRR13182871.23_predicted_orf_1	sp|P59596|VME1_SARS	85.7	42	6	0	1	42	180	221	1.21e-18	73.6	42	221	LGASQRVAGDSGFAAYSRYRIGNYKLNTDHSSSSDNIALLVQ	LGASQRVGTDSGFAAYNRYRIGNYKLNTDHAGSNDNIALLVQ
SRR13182871.28_predicted_orf_1	sp|P0DTD2|ORF9B_SARS2	100	42	0	0	1	42	56	97	1.54e-22	80.5	42	97	MARKTLNSLEDKAFQLTPIAVQMTKLATTEELPDEFVVVTVK	MARKTLNSLEDKAFQLTPIAVQMTKLATTEELPDEFVVVTVK
SRR13182871.28_predicted_orf_1	sp|P59636|ORF9B_SARS	81.0	42	8	0	1	42	57	98	9.48e-17	65.9	42	98	MARKTLNSLEDKAFQLTPIAVQMTKLATTEELPDEFVVVTVK	MARRNLDSLEARAFQSTPIVVQMTKLATTEELPDEFVVVTAK
SRR13182871.28_predicted_orf_1	sp|P0C5A6|ORF9B_BC279	78.6	42	9	0	1	42	56	97	3.74e-16	64.3	42	97	MARKTLNSLEDKAFQLTPIAVQMTKLATTEELPDEFVVVTVK	MARRNLDSLEARAFQSTPIVVKMTKLATTEELPDEFVVVTAK
SRR13182871.28_predicted_orf_1	sp|Q3LZX3|ORF9B_BCHK3	76.2	42	10	0	1	42	56	97	1.07e-15	63.2	42	97	MARKTLNSLEDKAFQLTPIAVQMTKLATTEELPDEFVVVTVK	MAKRNLDSLEARAFQSTPIVVKMTKLATTEELPDEFVVVTAK
SRR13182871.28_predicted_orf_1	sp|Q3I5I6|ORF9B_BCRP3	73.8	42	11	0	1	42	56	97	8.70e-15	60.8	42	97	MARKTLNSLEDKAFQLTPIAVQMTKLATTEELPDEFVVVTVK	MVRRNLDSLEVRVFQSTPIVVKMTKLATTEELPDEFVVVTAK
SRR13182871.79_predicted_orf_1	sp|P0DTC1|R1A_SARS2	96.9	65	2	0	1	65	4059	4123	2.55e-36	127	65	4405	LNIIPLTTAAKLMVVIPDYNTYKNTCDGTTFTYASALWEIQQVVDADSKIVQRSEISMDNSPNVA	LNIIPLTTAAKLMVVIPDYNTYKNTCDGTTFTYASALWEIQQVVDADSKIVQLSEISMDNSPNLA
SRR13182871.79_predicted_orf_1	sp|P0DTD1|R1AB_SARS2	96.9	65	2	0	1	65	4059	4123	2.55e-36	127	65	7096	LNIIPLTTAAKLMVVIPDYNTYKNTCDGTTFTYASALWEIQQVVDADSKIVQRSEISMDNSPNVA	LNIIPLTTAAKLMVVIPDYNTYKNTCDGTTFTYASALWEIQQVVDADSKIVQLSEISMDNSPNLA
SRR13182871.79_predicted_orf_1	sp|P0C6F8|R1A_BCHK3	90.8	65	6	0	1	65	4030	4094	2.71e-34	121	65	4376	LNIIPLTTAAKLMVVIPDYNTYKNTCDGTTFTYASALWEIQQVVDADSKIVQRSEISMDNSPNVA	LNIIPLTTAAKLMVVVPDYGTYKNTCDGNTFTYASALWEIQQVVDADSKIVQLSEINMDNSPNLA
SRR13182871.79_predicted_orf_1	sp|P0C6U8|R1A_SARS	90.8	65	6	0	1	65	4036	4100	2.71e-34	121	65	4382	LNIIPLTTAAKLMVVIPDYNTYKNTCDGTTFTYASALWEIQQVVDADSKIVQRSEISMDNSPNVA	LNIIPLTTAAKLMVVVPDYGTYKNTCDGNTFTYASALWEIQQVVDADSKIVQLSEINMDNSPNLA
SRR13182871.79_predicted_orf_1	sp|P0C6W2|R1AB_BCHK3	90.8	65	6	0	1	65	4030	4094	2.71e-34	121	65	7067	LNIIPLTTAAKLMVVIPDYNTYKNTCDGTTFTYASALWEIQQVVDADSKIVQRSEISMDNSPNVA	LNIIPLTTAAKLMVVVPDYGTYKNTCDGNTFTYASALWEIQQVVDADSKIVQLSEINMDNSPNLA
SRR13182871.79_predicted_orf_1	sp|P0C6X7|R1AB_SARS	90.8	65	6	0	1	65	4036	4100	2.71e-34	121	65	7073	LNIIPLTTAAKLMVVIPDYNTYKNTCDGTTFTYASALWEIQQVVDADSKIVQRSEISMDNSPNVA	LNIIPLTTAAKLMVVVPDYGTYKNTCDGNTFTYASALWEIQQVVDADSKIVQLSEINMDNSPNLA
SRR13182871.79_predicted_orf_1	sp|P0C6F5|R1A_BC279	89.2	65	7	0	1	65	4042	4106	3.26e-33	118	65	4388	LNIIPLTTAAKLMVVIPDYNTYKNTCDGTTFTYASALWEIQQVVDADSKIVQRSEISMDNSPNVA	LNIIPLTTAAKLMVVVPDYGTYKNTCDGNTFTYASALWEIQQVVDADSKIVQLSEINMDNSQNLA
SRR13182871.79_predicted_orf_1	sp|P0C6V9|R1AB_BC279	89.2	65	7	0	1	65	4042	4106	3.26e-33	118	65	7079	LNIIPLTTAAKLMVVIPDYNTYKNTCDGTTFTYASALWEIQQVVDADSKIVQRSEISMDNSPNVA	LNIIPLTTAAKLMVVVPDYGTYKNTCDGNTFTYASALWEIQQVVDADSKIVQLSEINMDNSQNLA
SRR13182871.79_predicted_orf_1	sp|P0C6T7|R1A_BCRP3	87.7	65	8	0	1	65	4034	4098	1.13e-32	116	65	4380	LNIIPLTTAAKLMVVIPDYNTYKNTCDGTTFTYASALWEIQQVVDADSKIVQRSEISMDNSPNVA	LNIIPLTTAAKLMVVVPDYGTYKNTCDGNTFTYASALWEIQQVVDADSKIVQLSEINMENSSNLA
SRR13182871.79_predicted_orf_1	sp|P0C6W6|R1AB_BCRP3	87.7	65	8	0	1	65	4034	4098	1.13e-32	116	65	7071	LNIIPLTTAAKLMVVIPDYNTYKNTCDGTTFTYASALWEIQQVVDADSKIVQRSEISMDNSPNVA	LNIIPLTTAAKLMVVVPDYGTYKNTCDGNTFTYASALWEIQQVVDADSKIVQLSEINMENSSNLA
SRR13182871.79_predicted_orf_1	sp|P0C6T6|R1A_BCHK9	44.6	65	36	0	1	65	3899	3963	2.89e-14	64.3	65	4248	LNIIPLTTAAKLMVVIPDYNTYKNTCDGTTFTYASALWEIQQVVDADSKIVQRSEISMDNSPNVA	LGVIPRTAANKLLLVVPDFSVYTATITMPTLTYAGSAWDVMQVADADGKTVNATDITRENSVNLA
SRR13182871.79_predicted_orf_1	sp|P0C6W5|R1AB_BCHK9	44.6	65	36	0	1	65	3899	3963	2.89e-14	64.3	65	6930	LNIIPLTTAAKLMVVIPDYNTYKNTCDGTTFTYASALWEIQQVVDADSKIVQRSEISMDNSPNVA	LGVIPRTAANKLLLVVPDFSVYTATITMPTLTYAGSAWDVMQVADADGKTVNATDITRENSVNLA
SRR13182871.79_predicted_orf_1	sp|P0C6U2|R1A_CVH22	39.3	61	35	2	1	60	3746	3805	2.03e-08	47.8	65	4085	LNIIPLTTAAKLMVVIPDYNTYKNTCDGTTFTYASALWEIQQVVDADSKIVQRSEISMDN	LSVIPATSAARLVVVVPDHDSFVKMMVDGFVHYAGVVWTLQEVKDNDGKNVHLKDVTKEN
SRR13182871.79_predicted_orf_1	sp|P0C6X1|R1AB_CVH22	39.3	61	35	2	1	60	3746	3805	2.03e-08	47.8	65	6758	LNIIPLTTAAKLMVVIPDYNTYKNTCDGTTFTYASALWEIQQVVDADSKIVQRSEISMDN	LSVIPATSAARLVVVVPDHDSFVKMMVDGFVHYAGVVWTLQEVKDNDGKNVHLKDVTKEN
